{"0": "almond", "1": "angelica", "2": "anise", "3": "anise_seed", "4": "apple", "5": "apple_brandy", "6": "apricot", "7": "artichoke", "8": "asparagus", "9": "avocado", "10": "bacon", "11": "baked_potato", "12": "balm", "13": "banana", "14": "barley", "15": "bartlett_pear", "16": "basil", "17": "bay", "18": "bean", "19": "beef", "20": "beef_broth", "21": "beef_liver", "22": "beer", "23": "beet", "24": "bell_pepper", "25": "bergamot", "26": "berry", "27": "bitter_orange", "28": "black_bean", "29": "black_currant", "30": "black_mustard_seed_oil", "31": "black_pepper", "32": "black_raspberry", "33": "black_tea", "34": "blackberry", "35": "blackberry_brandy", "36": "blue_cheese", "37": "blueberry", "38": "bone_oil", "39": "bourbon_whiskey", "40": "brandy", "41": "brassica", "42": "bread", "43": "broccoli", "44": "brown_rice", "45": "brussels_sprout", "46": "buckwheat", "47": "butter", "48": "buttermilk", "49": "cabbage", "50": "cabernet_sauvignon_wine", "51": "cacao", "52": "camembert_cheese", "53": "cane_molasses", "54": "caraway", "55": "cardamom", "56": "carnation", "57": "carob", "58": "carrot", "59": "cashew", "60": "cassava", "61": "catfish", "62": "cauliflower", "63": "caviar", "64": "cayenne", "65": "celery", "66": "celery_oil", "67": "cereal", "68": "champagne_wine", "69": "chayote", "70": "cheddar_cheese", "71": "cheese", "72": "cherry", "73": "cherry_brandy", "74": "chervil", "75": "chicken", "76": "chicken_broth", "77": "chicken_liver", "78": "chickpea", "79": "chicory", "80": "chinese_cabbage", "81": "chive", "82": "cider", "83": "cilantro", "84": "cinnamon", "85": "citrus", "86": "clam", "87": "clove", "88": "cocoa", "89": "coconut", "90": "coconut_oil", "91": "cod", "92": "coffee", "93": "cognac", "94": "concord_grape", "95": "condiment", "96": "coriander", "97": "corn", "98": "corn_flake", "99": "corn_grit", "100": "cottage_cheese", "101": "crab", "102": "cranberry", "103": "cream", "104": "cream_cheese", "105": "cucumber", "106": "cumin", "107": "cured_pork", "108": "currant", "109": "date", "110": "dill", "111": "durian", "112": "egg", "113": "egg_noodle", "114": "elderberry", "115": "endive", "116": "fennel", "117": "fenugreek", "118": "feta_cheese", "119": "fig", "120": "fish", "121": "flower", "122": "frankfurter", "123": "fruit", "124": "galanga", "125": "garlic", "126": "gelatin", "127": "gin", "128": "ginger", "129": "goat_cheese", "130": "grape", "131": "grape_juice", "132": "grapefruit", "133": "green_bell_pepper", "134": "green_tea", "135": "guava", "136": "haddock", "137": "ham", "138": "hazelnut", "139": "herring", "140": "honey", "141": "hop", "142": "horseradish", "143": "huckleberry", "144": "jasmine", "145": "jasmine_tea", "146": "juniper_berry", "147": "kale", "148": "katsuobushi", "149": "kidney_bean", "150": "kiwi", "151": "kohlrabi", "152": "kumquat", "153": "lamb", "154": "lard", "155": "lavender", "156": "leaf", "157": "leek", "158": "lemon", "159": "lemon_juice", "160": "lemon_peel", "161": "lemongrass", "162": "lentil", "163": "lettuce", "164": "licorice", "165": "lilac_flower_oil", "166": "lima_bean", "167": "lime", "168": "lime_juice", "169": "lime_peel_oil", "170": "lingonberry", "171": "litchi", "172": "liver", "173": "lobster", "174": "lovage", "175": "macadamia_nut", "176": "macaroni", "177": "mace", "178": "malt", "179": "mandarin", "180": "mandarin_peel", "181": "mango", "182": "maple_syrup", "183": "marjoram", "184": "mate", "185": "meat", "186": "melon", "187": "milk", "188": "milk_fat", "189": "mint", "190": "mozzarella_cheese", "191": "mung_bean", "192": "munster_cheese", "193": "mushroom", "194": "mussel", "195": "mustard", "196": "mutton", "197": "nectarine", "198": "nut", "199": "nutmeg", "200": "oat", "201": "oatmeal", "202": "octopus", "203": "okra", "204": "olive", "205": "olive_oil", "206": "onion", "207": "orange", "208": "orange_flower", "209": "orange_juice", "210": "orange_peel", "211": "oregano", "212": "ouzo", "213": "oyster", "214": "palm", "215": "papaya", "216": "parmesan_cheese", "217": "parsley", "218": "parsnip", "219": "passion_fruit", "220": "pea", "221": "peach", "222": "peanut", "223": "peanut_butter", "224": "peanut_oil", "225": "pear", "226": "pear_brandy", "227": "pecan", "228": "pepper", "229": "peppermint", "230": "peppermint_oil", "231": "pimenta", "232": "pimento", "233": "pineapple", "234": "pistachio", "235": "plum", "236": "popcorn", "237": "porcini", "238": "pork", "239": "pork_liver", "240": "pork_sausage", "241": "port_wine", "242": "potato", "243": "potato_chip", "244": "prawn", "245": "prickly_pear", "246": "provolone_cheese", "247": "pumpkin", "248": "quince", "249": "radish", "250": "raisin", "251": "raspberry", "252": "red_kidney_bean", "253": "red_wine", "254": "rhubarb", "255": "rice", "256": "roasted_almond", "257": "roasted_beef", "258": "roasted_hazelnut", "259": "roasted_meat", "260": "roasted_peanut", "261": "roasted_pork", "262": "roasted_sesame_seed", "263": "romano_cheese", "264": "root", "265": "roquefort_cheese", "266": "rose", "267": "rosemary", "268": "rum", "269": "rutabaga", "270": "rye_bread", "271": "rye_flour", "272": "saffron", "273": "sage", "274": "sake", "275": "salmon", "276": "salmon_roe", "277": "sassafras", "278": "sauerkraut", "279": "savory", "280": "scallion", "281": "scallop", "282": "seaweed", "283": "seed", "284": "sesame_oil", "285": "sesame_seed", "286": "shallot", "287": "shellfish", "288": "sherry", "289": "shiitake", "290": "shrimp", "291": "smoke", "292": "smoked_salmon", "293": "smoked_sausage", "294": "sour_cherry", "295": "sour_milk", "296": "soy_sauce", "297": "soybean", "298": "soybean_oil", "299": "spearmint", "300": "squash", "301": "squid", "302": "star_anise", "303": "starch", "304": "strawberry", "305": "sumac", "306": "sunflower_oil", "307": "sweet_potato", "308": "swiss_cheese", "309": "tabasco_pepper", "310": "tamarind", "311": "tangerine", "312": "tarragon", "313": "tea", "314": "tequila", "315": "thai_pepper", "316": "thyme", "317": "tomato", "318": "tomato_juice", "319": "truffle", "320": "tuna", "321": "turkey", "322": "turmeric", "323": "turnip", "324": "vanilla", "325": "veal", "326": "vegetable", "327": "vegetable_oil", "328": "vinegar", "329": "violet", "330": "walnut", "331": "wasabi", "332": "watercress", "333": "watermelon", "334": "wheat", "335": "wheat_bread", "336": "whiskey", "337": "white_bread", "338": "white_wine", "339": "whole_grain_wheat_flour", "340": "wine", "341": "wood", "342": "yam", "343": "yeast", "344": "yogurt", "345": "zucchini"}