{"almond": 0, "angelica": 1, "anise": 2, "anise_seed": 3, "apple": 4, "apple_brandy": 5, "apricot": 6, "artichoke": 7, "asparagus": 8, "avocado": 9, "bacon": 10, "baked_potato": 11, "balm": 12, "banana": 13, "barley": 14, "bartlett_pear": 15, "basil": 16, "bay": 17, "bean": 18, "beef": 19, "beef_broth": 20, "beef_liver": 21, "beer": 22, "beet": 23, "bell_pepper": 24, "bergamot": 25, "berry": 26, "bitter_orange": 27, "black_bean": 28, "black_currant": 29, "black_mustard_seed_oil": 30, "black_pepper": 31, "black_raspberry": 32, "black_tea": 33, "blackberry": 34, "blackberry_brandy": 35, "blue_cheese": 36, "blueberry": 37, "bone_oil": 38, "bourbon_whiskey": 39, "brandy": 40, "brassica": 41, "bread": 42, "broccoli": 43, "brown_rice": 44, "brussels_sprout": 45, "buckwheat": 46, "butter": 47, "buttermilk": 48, "cabbage": 49, "cabernet_sauvignon_wine": 50, "cacao": 51, "camembert_cheese": 52, "cane_molasses": 53, "caraway": 54, "cardamom": 55, "carnation": 56, "carob": 57, "carrot": 58, "cashew": 59, "cassava": 60, "catfish": 61, "cauliflower": 62, "caviar": 63, "cayenne": 64, "celery": 65, "celery_oil": 66, "cereal": 67, "champagne_wine": 68, "chayote": 69, "cheddar_cheese": 70, "cheese": 71, "cherry": 72, "cherry_brandy": 73, "chervil": 74, "chicken": 75, "chicken_broth": 76, "chicken_liver": 77, "chickpea": 78, "chicory": 79, "chinese_cabbage": 80, "chive": 81, "cider": 82, "cilantro": 83, "cinnamon": 84, "citrus": 85, "clam": 86, "clove": 87, "cocoa": 88, "coconut": 89, "coconut_oil": 90, "cod": 91, "coffee": 92, "cognac": 93, "concord_grape": 94, "condiment": 95, "coriander": 96, "corn": 97, "corn_flake": 98, "corn_grit": 99, "cottage_cheese": 100, "crab": 101, "cranberry": 102, "cream": 103, "cream_cheese": 104, "cucumber": 105, "cumin": 106, "cured_pork": 107, "currant": 108, "date": 109, "dill": 110, "durian": 111, "egg": 112, "egg_noodle": 113, "elderberry": 114, "endive": 115, "fennel": 116, "fenugreek": 117, "feta_cheese": 118, "fig": 119, "fish": 120, "flower": 121, "frankfurter": 122, "fruit": 123, "galanga": 124, "garlic": 125, "gelatin": 126, "gin": 127, "ginger": 128, "goat_cheese": 129, "grape": 130, "grape_juice": 131, "grapefruit": 132, "green_bell_pepper": 133, "green_tea": 134, "guava": 135, "haddock": 136, "ham": 137, "hazelnut": 138, "herring": 139, "honey": 140, "hop": 141, "horseradish": 142, "huckleberry": 143, "jasmine": 144, "jasmine_tea": 145, "juniper_berry": 146, "kale": 147, "katsuobushi": 148, "kidney_bean": 149, "kiwi": 150, "kohlrabi": 151, "kumquat": 152, "lamb": 153, "lard": 154, "lavender": 155, "leaf": 156, "leek": 157, "lemon": 158, "lemon_juice": 159, "lemon_peel": 160, "lemongrass": 161, "lentil": 162, "lettuce": 163, "licorice": 164, "lilac_flower_oil": 165, "lima_bean": 166, "lime": 167, "lime_juice": 168, "lime_peel_oil": 169, "lingonberry": 170, "litchi": 171, "liver": 172, "lobster": 173, "lovage": 174, "macadamia_nut": 175, "macaroni": 176, "mace": 177, "malt": 178, "mandarin": 179, "mandarin_peel": 180, "mango": 181, "maple_syrup": 182, "marjoram": 183, "mate": 184, "meat": 185, "melon": 186, "milk": 187, "milk_fat": 188, "mint": 189, "mozzarella_cheese": 190, "mung_bean": 191, "munster_cheese": 192, "mushroom": 193, "mussel": 194, "mustard": 195, "mutton": 196, "nectarine": 197, "nut": 198, "nutmeg": 199, "oat": 200, "oatmeal": 201, "octopus": 202, "okra": 203, "olive": 204, "olive_oil": 205, "onion": 206, "orange": 207, "orange_flower": 208, "orange_juice": 209, "orange_peel": 210, "oregano": 211, "ouzo": 212, "oyster": 213, "palm": 214, "papaya": 215, "parmesan_cheese": 216, "parsley": 217, "parsnip": 218, "passion_fruit": 219, "pea": 220, "peach": 221, "peanut": 222, "peanut_butter": 223, "peanut_oil": 224, "pear": 225, "pear_brandy": 226, "pecan": 227, "pepper": 228, "peppermint": 229, "peppermint_oil": 230, "pimenta": 231, "pimento": 232, "pineapple": 233, "pistachio": 234, "plum": 235, "popcorn": 236, "porcini": 237, "pork": 238, "pork_liver": 239, "pork_sausage": 240, "port_wine": 241, "potato": 242, "potato_chip": 243, "prawn": 244, "prickly_pear": 245, "provolone_cheese": 246, "pumpkin": 247, "quince": 248, "radish": 249, "raisin": 250, "raspberry": 251, "red_kidney_bean": 252, "red_wine": 253, "rhubarb": 254, "rice": 255, "roasted_almond": 256, "roasted_beef": 257, "roasted_hazelnut": 258, "roasted_meat": 259, "roasted_peanut": 260, "roasted_pork": 261, "roasted_sesame_seed": 262, "romano_cheese": 263, "root": 264, "roquefort_cheese": 265, "rose": 266, "rosemary": 267, "rum": 268, "rutabaga": 269, "rye_bread": 270, "rye_flour": 271, "saffron": 272, "sage": 273, "sake": 274, "salmon": 275, "salmon_roe": 276, "sassafras": 277, "sauerkraut": 278, "savory": 279, "scallion": 280, "scallop": 281, "seaweed": 282, "seed": 283, "sesame_oil": 284, "sesame_seed": 285, "shallot": 286, "shellfish": 287, "sherry": 288, "shiitake": 289, "shrimp": 290, "smoke": 291, "smoked_salmon": 292, "smoked_sausage": 293, "sour_cherry": 294, "sour_milk": 295, "soy_sauce": 296, "soybean": 297, "soybean_oil": 298, "spearmint": 299, "squash": 300, "squid": 301, "star_anise": 302, "starch": 303, "strawberry": 304, "sumac": 305, "sunflower_oil": 306, "sweet_potato": 307, "swiss_cheese": 308, "tabasco_pepper": 309, "tamarind": 310, "tangerine": 311, "tarragon": 312, "tea": 313, "tequila": 314, "thai_pepper": 315, "thyme": 316, "tomato": 317, "tomato_juice": 318, "truffle": 319, "tuna": 320, "turkey": 321, "turmeric": 322, "turnip": 323, "vanilla": 324, "veal": 325, "vegetable": 326, "vegetable_oil": 327, "vinegar": 328, "violet": 329, "walnut": 330, "wasabi": 331, "watercress": 332, "watermelon": 333, "wheat": 334, "wheat_bread": 335, "whiskey": 336, "white_bread": 337, "white_wine": 338, "whole_grain_wheat_flour": 339, "wine": 340, "wood": 341, "yam": 342, "yeast": 343, "yogurt": 344, "zucchini": 345}